Title,Ratings,Modified,Notes,Audio,Images
Amino Acid Flashcards,84.0,2015-01-09,20.0,0.0,20.0
Botony NCERT,24.0,2016-04-17,660.0,4.0,1.0
@r$ NCERT BIOLOGY CLASS 11 ANIMAL KINGDOM,19.0,2019-07-30,338.0,0.0,17.0
Microbiology 101 → Step 1 USMLE,26.0,2022-04-18,1437.0,11.0,658.0
Fleecesnatcher's NEET UG Biology,25.0,2021-06-18,3481.0,0.0,300.0
IGCSE Biology Summary,14.0,2019-04-05,580.0,0.0,2.0
GCSE Biology AQA (9-1) Triple,14.0,2018-10-31,218.0,0.0,1.0
Cell Structure,14.0,2019-05-01,141.0,0.0,9.0
Biology- Glycolysis,13.0,2014-10-06,10.0,10.0,10.0
AQA A Level Biology,0.0,2022-04-26,553.0,0.0,20.0
GCSE Biology 9-1 AQA Higher,12.0,2019-03-08,711.0,0.0,9.0
MIT OCW - Biology - Biochemistry,18.0,2012-09-28,141.0,0.0,104.0
GCSE Biology Paper 1 (9-1 Exams),8.0,2019-11-10,838.0,0.0,72.0
A Level Biology OCR A,0.0,2022-03-02,2083.0,0.0,187.0
AP Biology Complete Deck,7.0,2022-04-21,502.0,0.0,4.0
GCSE Combined Science Edexcel Biology Flashcards,7.0,2019-10-16,334.0,0.0,10.0
NEET Biology ug,16.0,2020-12-11,8344.0,3.0,763.0
AP Biology + Alberta Biology 30 Diploma,6.0,2016-07-25,1222.0,8.0,71.0
GCSE AQA Biology (Triple) --- made by Guest (2022 topics),6.0,2022-07-02,955.0,0.0,52.0
AQA Biology Flashcards,6.0,2019-06-15,1183.0,0.0,32.0
Biology 560/570/580,6.0,2013-01-07,1864.0,0.0,18.0
nMDCAT Biology (Pakistan),6.0,2020-12-06,1630.0,0.0,47.0
NCERT Biology Class 12 Chapter 8 HUMAN HEALTH AND DISEASES,6.0,2021-04-23,213.0,0.0,0.0
OCR Biology A - Hormonal communication,5.0,2018-05-04,54.0,0.0,3.0
Janeway's Immunobiology 9th Edition Concept Flash Card,5.0,2018-01-04,1260.0,0.0,0.0
IB Biology HL,0.0,2022-08-09,2152.0,0.0,301.0
Microbiology - Streptococcus and Enterococcus,5.0,2013-05-31,42.0,0.0,10.0
BIOLOGIA V1,4.0,2017-02-06,97.0,0.0,0.0
Microbiology,0.0,2020-05-26,417.0,0.0,0.0
Emergency Care and Transportation for the Sick and Injured,7.0,2015-05-12,2077.0,0.0,0.0
"Anki Anatomy, physiology, microbiology",7.0,2020-06-12,5652.0,0.0,426.0
Muscles of the Lower Extremity,7.0,2017-02-26,27.0,0.0,27.0
GCSE AQA Combined Science: Biology (UPDATED),3.0,2022-03-13,565.0,0.0,5.0
GCSE Biology AQA (9-1) Triple Paper 1,3.0,2021-05-24,256.0,0.0,166.0
IGCSE Biology (0610),1.0,2022-10-04,504.0,0.0,4.0
AnkiX高考第10期：生物技术实践|Anki生物,3.0,2020-09-04,250.0,0.0,2.0
DNA Replication,3.0,2019-04-07,78.0,0.0,0.0
Rhys Fearnley GSCE Biology 2022,3.0,2022-03-30,338.0,0.0,4.0
Edexcel IGCSE Biology (Double Award) Revision Cards,3.0,2016-04-25,150.0,8.0,259.0
SAT Biology Flashcards (please read description),3.0,2017-09-19,365.0,0.0,0.0
A-Level Biology,3.0,2021-12-28,2701.0,0.0,1175.0
Biology Topics 1-9 GCSE,3.0,2019-04-12,765.0,0.0,0.0
OCR A Biology,0.0,2023-01-09,472.0,0.0,93.0
MCAT Biology to come (Jojo),3.0,2017-02-25,474.0,0.0,10.0
Edexcel Biology B,3.0,2021-11-29,792.0,0.0,22.0
OCR A Level Biology (complete first year content),3.0,2022-05-16,328.0,0.0,4.0
Biology - ecology by Will Eastwood.,3.0,2020-12-16,108.0,0.0,0.0
@r$ NCERT CLASS 11 BIOLOGY BIOLOGICAL CLASSIFICATION,3.0,2019-07-29,242.0,0.0,26.0
A Level AQA Biology Y1/Y2,3.0,2021-08-18,1238.0,0.0,119.0
MCAT 132 Behavioral Sciences - Connor Fraser,8.0,2016-01-08,165.0,0.0,2.0
Microbiology COMPLETE First Aid 2016 Deck Yieldski,5.0,2017-07-20,1157.0,0.0,1315.0
Amino Acids with Structure,5.0,2014-04-07,19.0,0.0,0.0
IB Biology SL Evolution,2.0,2019-04-24,11.0,0.0,0.0
OCR A level Biology - Respiration,2.0,2021-05-05,60.0,0.0,1.0
Microbiology week 1,2.0,2016-12-06,101.0,0.0,0.0
AQA Biology A-Level | Paper 1,2.0,2019-08-15,216.0,0.0,14.0
Microbiology Practicals (2nd MBBS),2.0,2016-12-21,72.0,0.0,40.0
A level OCR biology A,2.0,2018-05-22,240.0,0.0,7.0
Plants taxonomy,2.0,2021-01-13,4865.0,0.0,0.0
AS Level Biology: Biological Molecules,2.0,2021-11-11,138.0,0.0,0.0
@r$ NCERT CLASS 11 BIOLOGY MORPHOLOGY OF FLOWERING PLANTS.,2.0,2019-07-30,125.0,0.0,1.0
GCSE AQA Biology 9-1 Cell Biology,2.0,2018-03-15,63.0,0.0,0.0
NCEA L3 Biology: Human Evolution,2.0,2020-08-30,51.0,0.0,34.0
Biology Flashcards by joshua,2.0,2022-01-03,195.0,0.0,6.0
HKDSE Biology,2.0,2021-04-06,691.0,0.0,31.0
OCR A-Level Biology - M.F.,2.0,2023-01-21,211.0,0.0,2.0
@r$ NCERT CLASS 11 BIOLOGY PLANT KINGDOM,2.0,2019-08-01,253.0,0.0,57.0
molecular and cell biology,2.0,2016-12-01,106.0,0.0,13.0
Earth Science,2.0,2021-09-14,71.0,0.0,0.0
Altius,2.0,2014-07-14,2582.0,0.0,1027.0
Anatomy and Physiology Exam HSC,2.0,2022-09-27,305.0,0.0,8.0
@r$ NCERT BIOLOGY CLASS 12 REPRODUCTION IN ORGANISMS,2.0,2020-06-08,124.0,0.0,1.0
@r$ NCERT BIOLOGY CLASS 12 REPRODUCTION IN FLOWERING PLANTS,2.0,2020-06-15,153.0,0.0,0.0
A Level Biology for OCR A,2.0,2022-01-19,761.0,0.0,113.0
NMDCAT - BIOLOGY (Pakistan),2.0,2021-02-25,2017.0,0.0,181.0
@r$ NCERT CLASS 11 BIOLOGY ANATOMY OF FLOWERING PLANTS,2.0,2019-10-25,274.0,0.0,13.0
CIE AS Biology,2.0,2020-11-19,833.0,0.0,339.0
Biology Cells by Ameenah,2.0,2021-04-10,135.0,0.0,24.0
AP Biology Sanderson,2.0,2016-05-07,730.0,0.0,44.0
A-Level Biology Unit 3 (WJEC),2.0,2020-11-15,1246.0,0.0,123.0
Deutsche Vögel,2.0,2022-03-18,296.0,0.0,594.0
OCR Biology A - Transport in Animals,2.0,2018-05-07,40.0,0.0,0.0
@r$ NCERT CLASS 11 BIOLOGY CELL THE UNIT OF LIFE,2.0,2019-10-27,180.0,0.0,1.0
Zanki Microbiology,1.0,2021-05-21,3263.0,0.0,2686.0
Human Physiology NCERT Images,2.0,2019-09-11,386.0,0.0,40.0
分子生物学名词,2.0,2019-10-25,106.0,0.0,0.0
"HSC Biology: ""The Blueprint of Life""",2.0,2014-10-19,237.0,0.0,15.0
AQA GCSE Biology (By Sol),2.0,2022-05-17,431.0,0.0,50.0
A Level Biology - Topic 3 - Voice of the genome,2.0,2017-03-17,33.0,0.0,0.0
human biology year 11 atar,2.0,2020-11-30,592.0,0.0,60.0
Ecosystem NCERT Images,4.0,2019-09-23,124.0,0.0,20.0
"John Salter's Biology, Chemistry, and Maths deck",4.0,2014-04-24,3323.0,0.0,140.0
GCSE AQA Biology,0.0,2021-03-22,2276.0,0.0,100.0
GCSE AQA Biology (Triple),1.0,2022-09-10,1180.0,0.0,441.0
Clinical Microbiology Made Ridiculously Simple Virus tables,1.0,2016-12-14,199.0,0.0,11.0
AS Biology,1.0,2020-08-10,124.0,0.0,20.0
Fleas - Veterinary Parasitology and Microbiology,1.0,2018-09-11,28.0,0.0,0.0
OCR A level Biology Disease and Immune System,1.0,2019-04-12,27.0,0.0,0.0
Full Biology GCSE Edexcel Course [Triple Science for P1+P2],1.0,2022-06-23,1061.0,0.0,137.0
BIOMOLECULES,1.0,2018-05-19,43.0,0.0,0.0
Aiema - GCSE Biology Edexcel,1.0,2021-09-25,406.0,0.0,6.0
AS BIOLOGY EDEXCEL FLASH CARDS,1.0,2022-10-30,402.0,0.0,217.0
GCSE edexcel biology full course (1-9),1.0,2022-12-05,521.0,0.0,249.0
biology cell structures,1.0,2020-07-11,21.0,0.0,0.0
@r$ NCERT BIOLOGY CLASS 11 CHEMICAL CO ORDINATION,1.0,2020-06-09,0.0,0.0,0.0
Campbell AP Biology: Chapters 1-3,1.0,2019-09-06,177.0,0.0,20.0
Edexcel Biology 9-1 paper 1 and core (SB1-5),1.0,2021-05-06,444.0,0.0,4.0
NEET UG BIOLOGY IMP DIAGRAMS,0.0,2021-09-22,189.0,0.0,80.0
Organismal Biology,1.0,2019-04-24,96.0,0.0,0.0
GCSE Biology AQA 2022,1.0,2022-09-27,1125.0,0.0,114.0
A Level Biology AQA - Biological Molecules,1.0,2022-06-06,79.0,0.0,9.0
Phylogeny and cladistics,1.0,2022-01-25,64.0,0.0,16.0
OCR Biology A Level,1.0,2022-07-05,1737.0,0.0,215.0
"Microbiology - Clinical Correlates, Bacteria",1.0,2018-12-03,61.0,0.0,0.0
B1 AQA GCSE,1.0,2012-08-25,201.0,0.0,0.0
Seperate Biology GCSE Edexcel,1.0,2021-09-26,53.0,0.0,6.0
Cellular and Molecular Biology,1.0,2022-03-17,2528.0,0.0,173.0
BMAT Biology,1.0,2021-10-05,60.0,0.0,8.0
AQA Alevel Biology,1.0,2022-10-05,549.0,0.0,18.0
IB Biology,1.0,2021-05-08,1996.0,15.0,539.0
Leaving Cert Biology 5th Year Chapters,1.0,2019-04-19,366.0,0.0,257.0
Taxonomy of Fishes,1.0,2015-06-18,623.0,0.0,0.0
Microbiology:Parasitology,1.0,2020-02-14,37.0,0.0,0.0
Microbiology (Dr. Harms) Lab 1 Cards,1.0,2019-06-24,34.0,0.0,35.0
Chapter 17 cell biology- cytoskeleton,1.0,2019-10-06,27.0,0.0,0.0
IGCSE Biology,0.0,2016-05-16,279.0,0.0,2.0
OCR Biology A - Photosynthesis,1.0,2018-05-04,51.0,0.0,5.0
AQA GCSE BIOLOGY,1.0,2020-10-20,977.0,0.0,30.0
MCAT Biology,0.0,2021-01-01,60.0,0.0,0.0
NCERT NEET UG BIOLOGY BY JAYESH PATIL,1.0,2021-11-11,2053.0,0.0,630.0
MCAT - Biology,1.0,2019-09-18,598.0,0.0,78.0
A-Level Biology Unit 4 (WJEC),1.0,2020-11-15,1554.0,0.0,100.0
Cell Biology: Cell Cycle,1.0,2016-11-14,193.0,0.0,17.0
Plant Nutrition Biology CIE,1.0,2020-12-30,20.0,0.0,12.0
Microbiology101,1.0,2020-09-28,88.0,0.0,6.0
IB Biology HL - extended,1.0,2021-04-16,1184.0,1.0,200.0
Plant Physiology NCERT Imags,1.0,2019-09-21,229.0,0.0,36.0
AQA BIOLOGY AS LEVEL,1.0,2022-05-20,545.0,0.0,587.0
Campbell Biology Glossary,1.0,2020-12-30,2000.0,0.0,10.0
@r$ biology ncert,1.0,2019-09-01,1097.0,0.0,119.0
Medical Microbiology Lab,1.0,2019-05-10,670.0,0.0,171.0
A2 Biology AQA,1.0,2021-12-28,1227.0,0.0,529.0
Biology A-Level AQA Revision Notes - Year 12 & 13,1.0,2019-08-19,935.0,0.0,422.0
Microbiology for Med students,1.0,2021-12-23,105.0,0.0,0.0
BC Microbiology Lab,1.0,2021-11-25,143.0,0.0,2.0
Biology IGCSE,1.0,2021-06-13,479.0,0.0,221.0
Biology: Metabolism,1.0,2019-03-15,16.0,0.0,0.0
Biology for the MCAT,1.0,2018-08-28,1105.0,0.0,116.0
IB Biology Topic 7 - Nucleic Acids,1.0,2019-12-31,42.0,0.0,0.0
Biology GCSE,0.0,2022-11-22,348.0,0.0,14.0
Edexcel A Biology AS Content,1.0,2020-01-06,355.0,0.0,22.0
IRIS MCAT BIOLOGY,1.0,2020-09-10,1474.0,0.0,581.0
SI Prefixes and Symbols (BIPM) Cloze,1.0,2014-03-23,20.0,0.0,1.0
Biology 141 cellular respiration,1.0,2019-11-30,43.0,0.0,5.0
Cell NCERT Images,1.0,2019-09-21,127.0,0.0,22.0
Pre-U Biology: 2: The Origins and Evolution of Life,1.0,2020-09-08,180.0,0.0,6.0
AQA Biology Chapter 12 - Respiration,1.0,2022-10-06,11.0,0.0,0.0
Biological Classification NCERT Images,1.0,2019-09-23,97.0,0.0,15.0
Microbiology Buzz Words (Viruses),1.0,2014-12-14,147.0,0.0,0.0
CIE A-level Biology 04. Cell membranes and transport,1.0,2022-04-01,39.0,0.0,0.0
Into to Cell Biology,1.0,2014-08-18,95.0,0.0,1.0
Amino acids 20 for Biology,1.0,2019-09-11,20.0,0.0,0.0
Complete Biology A Level Flashcards,1.0,2022-06-27,714.0,0.0,163.0
GCSE AQA Biology Practicals (Combined Science),1.0,2022-02-13,55.0,0.0,0.0
A Level Biology OCR A (Module 2-5),1.0,2023-01-05,970.0,0.0,6.0
IB Biology topic 3,1.0,2019-03-14,79.0,0.0,26.0
MCAT Biology (Jojo),1.0,2017-02-25,829.0,0.0,5.0
"A level biology - Topic 1 - Lifestyle, Health and Risk",1.0,2016-12-02,95.0,0.0,0.0
Module 2 A Level Biology Cell Structure OCR A,1.0,2017-05-15,13.0,0.0,5.0
Cell and Molecular Biology Exam 4,1.0,2021-11-09,319.0,0.0,16.0
IAU Preparatory Year Health Track Biology Course Anki Deck,1.0,2021-06-12,918.0,0.0,209.0
Biology of the Vertebrates Test #1,1.0,2019-01-25,43.0,0.0,7.0
Relentless - Biology,1.0,2023-01-11,1184.0,0.0,8.0
BMAT biology,1.0,2021-10-19,232.0,0.0,0.0
NEET/ 11th and 12th BIOLOGY,1.0,2021-09-25,921.0,0.0,203.0
AS BIOLOGY UNIT 1 WJEC,1.0,2020-08-28,202.0,0.0,23.0
Immune system Biology AQA,1.0,2022-03-21,42.0,0.0,0.0
Genetics NCERT Images,1.0,2019-09-21,229.0,0.0,20.0
Microbiology - Anaerobic Bacterial Infections,1.0,2013-05-29,23.0,0.0,14.0
Prish's Higher Biology Unit 1 study cards (FINISHED),1.0,2020-10-19,84.0,0.0,2.0
OCR Biology A - Cells,1.0,2018-04-15,61.0,0.0,0.0
Biology in Human Welfare NCERT Images,1.0,2019-09-24,72.0,0.0,17.0
AQA AS Biology: Carbohydrates,1.0,2014-04-03,40.0,0.0,0.0
GCSE OCR Biology,1.0,2022-06-14,533.0,0.0,42.0
National 5 Biology,0.0,2023-01-28,15.0,0.0,0.0
AQA As Biology,1.0,2022-05-25,431.0,0.0,0.0
GCSE Biology Paper 2,0.0,2022-12-20,63.0,0.0,0.0
AP Biology Cliffnotes Book DAT (Dental Admission Test),1.0,2017-09-10,627.0,0.0,0.0
Ticks - Veterinary Microbiology and Parasitology,1.0,2018-09-10,83.0,0.0,0.0
Staphylococcus THE NIGGS Microbiology 2nd Year,1.0,2019-10-09,68.0,0.0,0.0
NCERT Biology,1.0,2020-09-12,452.0,0.0,33.0
Biology - B1.1 - Cell Structure,1.0,2020-11-28,20.0,0.0,0.0
MCAT - Bio,1.0,2017-07-10,627.0,0.0,4.0
NYU School of Medicine CFM Course,1.0,2016-09-28,1538.0,0.0,0.0
AQA AS Biology,1.0,2019-02-07,87.0,0.0,10.0
"BMAT - Chemistry, Biology, Physics & Maths Knowledge",1.0,2022-10-11,153.0,0.0,15.0
OCR Biology A - Plasma membranes,1.0,2018-05-06,20.0,0.0,0.0
Human Digestive System,1.0,2014-05-12,34.0,0.0,0.0
Tandy's Human Physiology,1.0,2019-07-01,1175.0,0.0,433.0
Biology deck for IMAT,1.0,2020-06-11,936.0,0.0,126.0
GCSE Biology Triple AQA Paper 1,1.0,2022-04-07,169.0,0.0,1.0
GCSE AQA Biology P1 (Topics 1-4),1.0,2019-05-11,331.0,0.0,44.0
A Level Biology - Paper 1 flashcards,1.0,2022-03-06,290.0,0.0,32.0
Biology alevel ocr a,1.0,2021-09-23,1511.0,0.0,36.0
Biology - IGCSE,1.0,2021-05-17,2155.0,0.0,298.0
OCR Biology A- Biotechnology and Cloning,1.0,2018-05-14,67.0,0.0,0.0
AP Biology Terms from Carlos,1.0,2022-02-09,432.0,0.0,0.0
molecular biology 2019 :),1.0,2019-05-16,343.0,0.0,339.0
Juliana Cristina Advanced Higher Biology,1.0,2022-08-30,203.0,0.0,0.0
General Biology,1.0,2018-10-16,79.0,0.0,19.0
AS year 1 biology,1.0,2021-12-28,1469.0,0.0,644.0
Axial Muscles,1.0,2017-02-26,32.0,0.0,32.0
Biology M2 Foundations in Biology,1.0,2022-02-03,274.0,0.0,0.0
Biology A level (up to unit 9),1.0,2022-01-28,437.0,0.0,42.0
Usmle World microbiology,1.0,2016-10-09,251.0,2.0,57.0
Bio 1: Cell Structure,2.0,2021-07-05,104.0,0.0,10.0
Intro to Cell Biology 1 Final MM,2.0,2017-05-03,134.0,0.0,0.0
Latin / Greek Roots,2.0,2015-02-07,79.0,0.0,0.0
AQA ALEVEL BIOLOGY,2.0,2021-05-15,285.0,0.0,2.0
A-level Biology,2.0,2017-02-13,348.0,0.0,0.0
CGP GCSE BIOLOGY,3.0,2022-12-13,1061.0,0.0,137.0
Biology - Biomolecules and Enzymes,0.0,2019-09-30,74.0,0.0,21.0
MicroBiology Final Exam Review,0.0,2022-12-14,104.0,0.0,0.0
AQA Biology GCSE - Organisation (Higher),0.0,2022-05-04,86.0,0.0,0.0
Microbiology II,0.0,2023-01-03,60.0,0.0,0.0
Corps humain et santé Brossette,0.0,2022-11-28,14.0,0.0,0.0
A deck for the AMS Comp Bio Oral Exam,0.0,2023-01-18,0.0,0.0,0.0
Introducing Microbiology - Year 1,0.0,2023-01-22,288.0,0.0,27.0
plant biology,0.0,2021-08-29,58.0,0.0,0.0
Biology 2 Exam 1,0.0,2023-01-31,63.0,0.0,2.0
Cell Membrane,0.0,2018-02-22,9.0,0.0,0.0
Microbiology Flashcards,0.0,2020-03-03,254.0,0.0,2.0
Cell biology,0.0,2022-11-08,96.0,0.0,5.0
Leaving Cert Biology - The Nervous System,0.0,2021-09-03,198.0,0.0,7.0
Biology Flashcards,0.0,2022-12-02,157.0,0.0,29.0
Biology: DNA & Protein Synthesis,0.0,2021-02-12,50.0,0.0,8.0
Cell Biology - Histology BMS VU,0.0,2022-12-15,473.0,0.0,75.0
Year 1 - Foundations of Medicine - Building Blocks of life,0.0,2020-10-10,99.0,0.0,11.0
AP Biology Unit 1: Chemistry of Life SV,0.0,2022-08-27,80.0,0.0,0.0
NMAT Biology,0.0,2020-02-04,37.0,0.0,0.0
Pepperdine BIOL 211 - Biology of Cells,0.0,2021-12-13,518.0,0.0,130.0
MCAT Biology Kaplan,0.0,2020-10-14,37.0,0.0,0.0
Medical Microbiology SECTION,0.0,2022-11-06,11.0,0.0,4.0
"A level biology - topic 6 - infection, immunity and forensic",0.0,2018-04-03,58.0,0.0,0.0
NMAT BIOLOGY,0.0,2021-04-05,405.0,0.0,0.0
AQA GCSE Combined Science Biology,0.0,2022-09-26,129.0,0.0,0.0
Metods biology mo,0.0,2022-12-12,18.0,0.0,1.0
CFP Molecular Biology Block 1 Exam,0.0,2020-09-10,383.0,0.0,152.0
OCR Biology Transport in Plants,0.0,2019-10-03,39.0,0.0,0.0
OMAR Biology,0.0,2023-01-31,2482.0,0.0,1003.0
AP Biology,0.0,2020-06-05,683.0,0.0,11.0
PAST541 Orthopedics bone biology,0.0,2023-01-06,70.0,0.0,18.0
Access MCAT Biology,0.0,2022-06-30,494.0,0.0,13.0
Biology OCR A H420,0.0,2023-01-10,194.0,0.0,17.0
Microbiology Virology Exam,0.0,2016-03-24,340.0,0.0,5.0
QCE biology Flashcards Unit 3/4 COMPLETED,0.0,2022-01-19,483.0,3.0,150.0
biology 1a deck,0.0,2023-01-31,86.0,0.0,9.0
GCSE AQA Biology Homeostasis and Response,0.0,2022-03-08,99.0,0.0,0.0
AlexiaC: Biology Unit 2: Cell Division and Meiosis,0.0,2017-09-11,2.0,0.0,0.0
Biology II Lab,0.0,2023-01-25,240.0,0.0,12.0
Biology ch 15,0.0,2022-12-19,108.0,0.0,0.0
Biology 10AP Study Cards,0.0,2022-11-16,87.0,0.0,0.0
Khan Academy Viruses,0.0,2020-05-01,27.0,0.0,0.0
A-Level Edexcel Biology B,0.0,2023-01-17,92.0,0.0,77.0
Neurobiology brain anatomy,0.0,2021-01-25,36.0,0.0,25.0
Medical biology - insects,0.0,2023-01-24,39.0,0.0,0.0
MDCAT Biology~,0.0,2020-11-21,1069.0,0.0,232.0
BIOLOGY AQA 2022 flashcards,0.0,2022-05-06,823.0,0.0,46.0
"DAT prep cards, (ochem reactions and biology mostly)",0.0,2022-07-19,642.0,0.0,516.0
Leaving Cert Biology - The Skeleton and Muscles,0.0,2021-09-06,218.0,0.0,5.0
AS Level Biology: Nucleotides and Nucleic Acids,0.0,2021-12-06,12.0,0.0,0.0
IB Biology HL Aloha,0.0,2020-03-10,835.0,0.0,162.0
Microbiology - Gram-negative Bacteria,0.0,2013-06-01,45.0,0.0,27.0
NCEA L3 Biology: Plants and Animals,0.0,2020-08-02,59.0,0.0,34.0
BIOLOGY AQA PAPER !,0.0,2023-01-17,35.0,0.0,0.0
Biology B,0.0,2022-06-27,140.0,0.0,32.0
SBI4U Grade 12 Biology Unit 1,0.0,2022-09-28,0.0,0.0,0.0
DAT biology Kwon,0.0,2022-05-16,903.0,0.0,81.0
Molecular Cell Biology Ch 17: The Cell Cycle,0.0,2020-10-12,189.0,0.0,4.0
Modified Jack Sparrow Biology/Biochemistry Deck (Peter),0.0,2022-05-18,2302.0,0.0,868.0
Animal Biology,0.0,2022-10-12,107.0,0.0,17.0
"Test 3 Molecular Biology, Bacto lll",0.0,2023-01-10,10.0,0.0,0.0
Biology flashcards,0.0,2022-11-08,15.0,0.0,0.0
Molecular biology,0.0,2020-03-10,121.0,0.0,99.0
"Biology, Paper 1",0.0,2023-01-15,290.0,0.0,15.0
Kaplan - Biology MCAT,0.0,2021-04-09,902.0,0.0,0.0
Chapter 5 Principles of inheritance biology 12 ncert,0.0,2022-10-21,142.0,0.0,0.0
Biology paper 2,0.0,2023-01-15,455.0,0.0,48.0
Biology - Control and Coordination,0.0,2022-12-24,21.0,0.0,0.0
Miss Asher's OCR A Level Biology A. 4 - Microscopes,0.0,2020-09-13,21.0,0.0,0.0
Biology,0.0,2022-02-04,7882.0,3.0,735.0
GCSE AQA BIOLOGY,0.0,2021-09-11,711.0,0.0,9.0
"MDCAT Sciences - biology, chemistry, physics",0.0,2023-02-02,1228.0,0.0,67.0
AUA Med 3 Microbiology,0.0,2015-06-23,1570.0,0.0,1271.0
Microbiology I,0.0,2022-12-10,548.0,0.0,20.0
Biology CCFS Cell Organelles Week 1,0.0,2022-10-07,86.0,0.0,21.0
Biology Unit 3 Concept 3 Study Guide | 2022-2022,0.0,2022-11-07,5.0,0.0,2.0
NCERT Biology Class 12 Chapter 13 ORGANISMS AND POPULATIONS,0.0,2022-02-22,136.0,0.0,13.0
biology,0.0,2022-12-01,166.0,0.0,4.0
Biology Chapter 11: photosynthesis,0.0,2021-01-08,102.0,0.0,11.0
Important years for Biology,0.0,2021-08-11,79.0,0.0,0.0
Biology Chapter 7: Cell structure and function,0.0,2021-01-08,130.0,0.0,9.0
Unit IV Plant Physiology Diagrams,0.0,2021-08-03,120.0,0.0,25.0
Biology: Mitosis,0.0,2021-02-12,36.0,0.0,7.0
Biology - cells and cell structure,0.0,2021-10-03,49.0,0.0,0.0
Key Concepts in Biology- Edexcel- Higher Tier,0.0,2021-05-31,52.0,0.0,0.0
NEET IMPORTANT QUESTIONS,0.0,2022-12-27,110.0,0.0,0.0
GCSE OCR Biology Paper 1,0.0,2022-11-12,278.0,0.0,0.0
Unit II Structural Organisation In Plants & Animals Diagrams,0.0,2021-08-03,130.0,0.0,27.0
Microbiology - SKETCHY,0.0,2023-01-28,1744.0,0.0,1860.0
Unit I The Living World Diagrams,0.0,2021-08-03,112.0,0.0,38.0
Glossary Biogeography and Macroecology,0.0,2023-01-12,841.0,0.0,0.0
DAT Biology anki flashcards,0.0,2021-06-07,4011.0,0.0,0.0
Biology Topic 9 Flashcards,0.0,2022-11-14,243.0,0.0,19.0
BIOLOGY - Enzymes,0.0,2022-04-29,23.0,0.0,0.0
OCR A level Biology - Photosynthesis,0.0,2021-05-05,51.0,0.0,1.0
A-Level Biology Notes OCR A,0.0,2022-11-18,3870.0,0.0,222.0
HSC Biology M5,0.0,2021-03-27,127.0,0.0,49.0
Cancer Cell Biology,0.0,2021-10-28,36.0,0.0,2.0
class 11 HSEB biology(botany and zoology),0.0,2020-06-09,1090.0,3.0,34.0
B2 - CELLS by TheCrazedFool AQA A LEVEL BIOLOGY,0.0,2022-08-01,28.0,0.0,0.0
Biology GCSE (aqa- combined science),0.0,2022-06-25,761.0,0.0,446.0
B3 - GAS EXCHANGE TOPIC 3 AQA A LEVEL BIOLOGY,0.0,2022-08-01,40.0,0.0,0.0
Biology MCAT,0.0,2019-11-18,464.0,0.0,0.0
Biology- Life Processes,0.0,2021-11-25,244.0,0.0,9.0
Biology P1 Cell Biology- Transport in cells,0.0,2021-11-13,17.0,0.0,0.0
Human Biology,0.0,2022-05-24,204.0,0.0,20.0
Biology past paper 1,0.0,2023-01-07,40.0,0.0,40.0
A-level OCR BIOLOGY A,0.0,2021-10-03,828.0,0.0,0.0
BY 330 Cell Biology,0.0,2022-12-06,1022.0,0.0,41.0
"IB Biology HL, from Bioninja",0.0,2022-10-18,1683.0,0.0,666.0
Biology paper 1 ( cell biology + organisation ),0.0,2022-11-09,45.0,0.0,0.0
General microbiology,0.0,2022-01-20,39.0,0.0,0.0
Frühjahrsblüher in Deutschland,0.0,2021-04-07,70.0,0.0,70.0
Higher Human Biology,0.0,2022-03-21,301.0,0.0,1.0
biology and anatomy,0.0,2022-12-09,90.0,0.0,3.0
Ch Digestion and Absorption Flashcard,0.0,2022-09-10,169.0,0.0,85.0
Microbiology chapter 1,0.0,2023-01-27,33.0,0.0,0.0
AQA A level Biology 1,0.0,2022-10-07,154.0,0.0,132.0
AQA Biology GCSE | Infection and response,0.0,2022-11-29,46.0,0.0,1.0
lolnotacops microbiology,0.0,2021-07-17,3185.0,0.0,1933.0
Biology A-Level,0.0,2022-12-08,322.0,0.0,2.0
Plants - Cells and Systems - Maxwell SS - Grade 10,0.0,2022-05-27,32.0,0.0,13.0
Introduction to Medical Microbiology,0.0,2021-10-21,59.0,0.0,2.0
iGCSE Biology - Digestive System,0.0,2022-11-24,21.0,0.0,0.0
Topic 2: Cells AQA Biology,0.0,2022-09-29,116.0,0.0,0.0
Grade/Class 9 CBSE NCERT Science Biology - Chapter 6 Tissues,0.0,2021-10-22,100.0,0.0,8.0
"OCR A Biology AS (Year 12) Complete Modules 2, 3 and 4",0.0,2022-08-18,1470.0,0.0,187.0
"Amino Acids Deck for Biology, Biochem, and MCAT",0.0,2022-05-04,20.0,0.0,20.0
Nancook's Microbiology 1 — Antimicrobials,0.0,2021-12-31,206.0,0.0,211.0
Microbiology - Parasitology and Parasitic Skin Infections,0.0,2013-05-31,31.0,0.0,29.0
Digestive System - IGCSE Biology,0.0,2021-12-18,32.0,0.0,0.0
Human Reproductive Biology,0.0,2023-01-04,740.0,0.0,19.0
Microbiology 2nd year fall,0.0,2022-12-16,2158.0,0.0,809.0
CIE A-level Biology 01. Cell structure,0.0,2022-04-01,28.0,0.0,0.0
CIE A-level Biology 02. Biological molecules,0.0,2022-04-01,47.0,0.0,2.0
CIE A-level Biology 03. Enzymes,0.0,2022-04-01,30.0,0.0,0.0
OCR Biology Nucleotides and Nucleic Acids,0.0,2019-10-03,26.0,0.0,0.0
IGCSE BIOLOGY (CAMBRIDGE O LEVEL).,0.0,2022-05-13,769.0,0.0,330.0
A level AQA Biology Module 1 SR,0.0,2022-06-02,78.0,0.0,17.0
A-Level Biology Unit 2 (WJEC),0.0,2020-10-16,1010.0,0.0,61.0
CIE A-level Biology 05. Mitotic cell cycle,0.0,2022-04-01,27.0,0.0,0.0
CIE A-level Biology 06. Nucleic acid and protein synthesis,0.0,2022-04-01,31.0,0.0,0.0
CIE A-level Biology 07. Transport in plants,0.0,2022-04-01,30.0,0.0,0.0
A level AQA Biology Module 2 SR,0.0,2022-06-02,105.0,0.0,9.0
genetics and evolution,0.0,2022-11-09,64.0,0.0,11.0
A level AQA Biology Module 3 SR,0.0,2022-06-02,107.0,0.0,1.0
AQA GCSE BIOLOGY JACK,0.0,2022-11-22,398.0,0.0,3.0
A level AQA Biology Module 4 SR,0.0,2022-06-02,77.0,0.0,5.0
Ana's MCAT Biology Deck,0.0,2022-08-14,475.0,0.0,100.0
A level AQA Biology Module 5 SR,0.0,2022-06-02,63.0,0.0,3.0
A level AQA Biology Module 6 SR,0.0,2022-06-02,96.0,0.0,4.0
Biology 2114 Lecture,0.0,2023-01-25,61.0,0.0,0.0
CIE A-level Biology 09. The gas exchange system,0.0,2022-04-01,12.0,0.0,0.0
CIE A-level Biology 10. Infectious diseases,0.0,2022-04-01,34.0,0.0,0.0
A level AQA Biology Module 8 SR,0.0,2022-06-02,75.0,0.0,1.0
CIE A-level Biology 12. Energy and respiration,0.0,2022-04-01,22.0,0.0,3.0
CIE A-level Biology 13. Photosynthesis,0.0,2022-04-01,19.0,0.0,1.0
CIE A-level Biology 14. Homeostatis,0.0,2022-04-01,45.0,0.0,0.0
Medical cell biology & genetics (MCBG),0.0,2021-01-24,358.0,0.0,12.0
AQA GCSE BIOLOGY 9-1,0.0,2019-08-23,629.0,0.0,0.0
OCR Biology A- Ecosystems,0.0,2018-05-13,38.0,0.0,0.0
aqa as biology,0.0,2022-11-08,206.0,0.0,16.0
Leaving Certificate Biology Cell Division,0.0,2022-11-18,53.0,0.0,9.0
AQA GCSE Biology - Organisation,0.0,2019-01-29,48.0,0.0,21.0
Biochem Ch 7: Carbohydrates and Glycobiology,0.0,2020-11-21,156.0,0.0,6.0
GCSE AQA Combined Science | Higher | Biology - Homeostasis,0.0,2022-11-27,182.0,0.0,8.0
Edexcel A Level Biology Topic 4,0.0,2018-02-24,89.0,0.0,3.0
Biology 201 Cell and Molecular Biology,0.0,2020-08-17,31.0,0.0,0.0
alevel biology shreya's decks - cells,0.0,2022-11-22,24.0,0.0,20.0
Biology-Natural variation,0.0,2023-01-12,18.0,0.0,0.0
Biology_10-Grade_2-Term(O.Assylkhan),0.0,2022-11-21,8.0,0.0,2.0
Breathing -Parth,0.0,2022-12-09,272.0,0.0,186.0
AQA GCSE Biology - The Human Endocrine System,0.0,2021-12-02,145.0,0.0,0.0
USABO,0.0,2023-01-15,353.0,0.0,37.0
A level AGS Biology,0.0,2022-12-09,423.0,0.0,88.0
Biology Exam 3,0.0,2022-11-29,84.0,0.0,0.0
פיזיולוגיה,0.0,2022-12-30,319.0,0.0,97.0
Medical Microbiology,0.0,2019-05-14,1361.0,0.0,443.0
生物（必修一，必修三，选修一，（以及不是很全的必修二））,0.0,2020-12-05,890.0,0.0,16.0
AQA Combined Science Trilogy - Biology Higher Tier PAPER 2,0.0,2023-01-02,452.0,0.0,14.0
Microbiology - Mycology and fungal skin infections,0.0,2013-05-30,32.0,0.0,44.0
module 7 hsc biology palm cards (COMPLETE),0.0,2023-01-17,121.0,0.0,3.0
AQA GCSE Biology Grade 9 Flashcards,0.0,2022-05-19,857.0,5.0,400.0
AQA GCSE biology paper 1,0.0,2022-01-08,411.0,0.0,63.0
biology hf gcse,0.0,2023-02-02,431.0,0.0,73.0
AQA Combined Trilogy Higher - Biology Section B6 (CS2),0.0,2022-12-07,145.0,0.0,5.0
Alevel Biology AQA,0.0,2021-12-04,1694.0,0.0,113.0
分子生物学基礎sums,0.0,2023-01-04,288.0,0.0,5.0
"A-Level Biology, Gentics, populations, evolution, ecos- AQA",0.0,2019-08-05,185.0,0.0,19.0
AQA A level Biology Topic 1 - Carbohydrates Flashcards,0.0,2022-04-20,8.0,0.0,6.0
SNAB bio topic 1,0.0,2022-10-01,60.0,0.0,10.0
Deck Biology 1,0.0,2022-11-29,98.0,0.0,0.0
The Living World,0.0,2022-03-28,14.0,0.0,0.0
biology exam 4 lsue hamlin,0.0,2022-12-03,332.0,0.0,10.0
biology exam 1 lsue hamlin,0.0,2022-12-03,202.0,0.0,0.0
Leaving cert biology higher level,0.0,2023-02-01,321.0,0.0,0.0
Biology Paper 1 (seperate),0.0,2022-12-31,81.0,0.0,0.0
Biology 2 evo&eco,0.0,2022-12-15,216.0,0.0,0.0
Biology(Triple science up to B16) AQA set,0.0,2022-11-27,1081.0,0.0,69.0
Joana M - INTRODUCTION TO GENETICS AND MOLECULAR BIOLOGY,0.0,2022-06-06,370.0,0.0,13.0
JAnki Microbiology,0.0,2021-01-02,1845.0,0.0,1358.0
Biology 440 (Chapters 1 and 2 Notecards),0.0,2023-01-24,167.0,0.0,57.0
Combined Biology,0.0,2023-02-03,381.0,0.0,12.0
Edexcel GCSE (9-1) Biology Flashcards (Higher Tier),0.0,2022-08-28,593.0,0.0,51.0
MB: Cell Cycle,0.0,2022-10-19,19.0,0.0,0.0
Biology GCSE (AQA),0.0,2021-09-05,718.0,0.0,95.0
NEET biology,0.0,2022-07-23,3481.0,0.0,300.0
Nat 5: Biology: Multicellular Organisms,0.0,2023-01-12,13.0,0.0,0.0
GCE Biology Cells,0.0,2022-12-05,51.0,0.0,1.0
Yr3MPAS/Yr1MPAP Microbiology,0.0,2023-01-06,613.0,0.0,139.0
Neet ug biology,0.0,2021-09-06,4150.0,0.0,4802.0
WJEC A-Level Biology (unit 3),0.0,2023-01-09,213.0,0.0,9.0
Freddie's Biology Flashcards (A-Level),0.0,2023-01-30,764.0,0.0,132.0
(biology) Krebs cycle/link reaction m,0.0,2022-04-12,25.0,0.0,24.0
Biological molecules,0.0,2022-11-17,87.0,0.0,4.0
Cells,0.0,2022-11-17,60.0,0.0,7.0
Exchange within organisms,0.0,2022-11-17,85.0,0.0,0.0
Genetics and Variation between organisms,0.0,2022-11-17,70.0,0.0,1.0
2022 AAA Biology Midterms,0.0,2022-12-13,249.0,0.0,3.0
Biology 2e OpenStax Midterm,0.0,2022-11-09,51.0,0.0,0.0
AQA A level Biology practicals,0.0,2021-09-11,14.0,0.0,0.0
Microbiology and Immunology,0.0,2023-02-03,20.0,0.0,0.0
Biology A-Level AQA flashcards,0.0,2022-11-12,539.0,0.0,7.0
IMP QNS NEET BIOLOGY,0.0,2021-12-02,555.0,0.0,191.0
biology wali khan 05,0.0,2023-01-11,661.0,0.0,42.0
Biology: Cellular Respiration and Photosynthesis,0.0,2020-11-13,44.0,0.0,0.0
Immune System,0.0,2017-05-30,44.0,0.0,0.0
Biology - A Level for mocks,0.0,2023-01-31,195.0,0.0,4.0
CIE I Alevel Biology,0.0,2023-02-03,248.0,0.0,14.0
Blueprint MCAT Biology,0.0,2022-03-24,21.0,0.0,0.0
AQA GCSE Biology Flashcards by AH,0.0,2022-09-12,810.0,0.0,61.0
"Biology P1 Organisation- Animal Tissues, Organs and Systems",0.0,2021-11-13,86.0,0.0,0.0
A level biology,0.0,2022-04-27,1960.0,0.0,129.0
NCERT Biology Class 12 Chapter 10 MICROBES IN HUMAN WELFARE,0.0,2022-01-24,91.0,0.0,2.0
OCR Module 2 Biology,0.0,2022-12-07,293.0,0.0,72.0
Developmental Biology (lectures 1+2),0.0,2022-10-21,89.0,0.0,4.0
[A] Developmental Biology,0.0,2022-10-21,99.0,0.0,4.0
"Biology with bilbo, and a mountain troll paper 1",0.0,2022-11-14,49.0,0.0,2.0
UWO Biology 1001A Midterm,0.0,2022-12-16,96.0,0.0,21.0
AQA GCSE Biology(Triple Higher),0.0,2022-09-07,522.0,0.0,32.0
Microbiology Anki,0.0,2022-11-18,76.0,0.0,4.0
FBS Microbiology - Gram positive cocci,0.0,2019-06-14,37.0,0.0,4.0
Biology P1- Photosynthesis,0.0,2021-11-13,16.0,0.0,0.0
普通动物学——刘凌云 郑光美（无脊椎部分）,0.0,2021-04-28,247.0,0.0,459.0
Anking Microbiology,0.0,2022-12-06,10.0,0.0,8.0
Biologyabcdefghijklmnopqrstuvwxyz,0.0,2023-01-24,66.0,0.0,2.0
Microbiology EUC petrou,0.0,2022-11-11,100.0,0.0,24.0
Cell Membrane Unit (BC Biology 12),0.0,2019-03-12,68.0,0.0,143.0
OCR OCR Biology Transport in Animals,0.0,2019-10-03,48.0,0.0,0.0
Photo,0.0,2023-01-08,13.0,0.0,2.0
Medical biology,0.0,2022-12-20,61.0,0.0,0.0
Microbiology (Pre-Medical),0.0,2020-09-13,93.0,0.0,0.0
DAT Biology,0.0,2018-11-20,1768.0,0.0,83.0
Photosynthesis OCR Alevel biology,0.0,2022-10-11,29.0,0.0,0.0
MCAT BIOLOGY CONTENT,0.0,2020-07-28,642.0,0.0,0.0
biology evolution,0.0,2019-09-29,37.0,0.0,0.0
GCSE Biology Triple AQA Paper 2,0.0,2022-04-07,119.0,0.0,2.0
AQA Biology B13 Reproduction,0.0,2022-10-14,24.0,0.0,1.0
Neurobiology Midterm Content,0.0,2021-10-12,471.0,0.0,27.0
Biology - Kaplan,0.0,2020-02-23,904.0,0.0,5.0
biology paper 2 - b7 - ecology,0.0,2021-06-09,54.0,0.0,0.0
OCR Biology A - Enzymes,0.0,2018-05-07,20.0,0.0,0.0
Microbiology!!!!,0.0,2022-12-08,242.0,0.0,0.0
OCR - A level - Neuronal Communication,0.0,2022-10-28,56.0,0.0,5.0
Higher Biology,0.0,2021-04-20,423.0,0.0,18.0
Biology Flash Cards OCR ( A ) A level,0.0,2022-11-22,159.0,0.0,18.0
@r$ NCERT BIOLOGY CLASS 11 LOCOMOTION AND MOVEMENT,0.0,2020-06-09,100.0,0.0,0.0
GCSE Combined Science - Biology,0.0,2022-04-13,150.0,0.0,0.0
Introductory College Biology Ch 16,0.0,2023-01-06,10.0,0.0,4.0
AQA A Level Biology R.A,0.0,2022-12-31,2165.0,0.0,440.0
Ch 17 Biology 102,0.0,2023-01-06,5.0,0.0,0.0
Microbiology Exam 1,0.0,2022-09-25,0.0,0.0,0.0
NEET UG (IMP DATES) NCERT BIOLOGY,0.0,2021-04-27,66.0,0.0,6.0
IB Biology topic 8,0.0,2019-04-24,73.0,0.0,6.0
Essential Cell Biology Ch 5,0.0,2018-11-24,18.0,0.0,5.0
Essential Cell Biology Ch 3,0.0,2018-11-24,27.0,0.0,0.0
Essential Cell Biology Ch 4,0.0,2018-11-24,42.0,0.0,13.0
Essential Cell Biology Ch 8,0.0,2018-11-24,16.0,0.0,0.0
Essential Cell Biology Ch 10,0.0,2018-11-24,20.0,0.0,0.0
Essential Cell Biology Ch 11,0.0,2018-11-24,14.0,0.0,0.0
Essential Cell Biology Ch 6,0.0,2018-11-24,18.0,0.0,0.0
Infectious Diseases Microbiology 227,0.0,2022-11-21,55.0,0.0,0.0
A2 Biology KD,0.0,2022-12-14,251.0,0.0,13.0
Biology chapter 16,0.0,2022-12-15,108.0,0.0,0.0
UCD-DAT Bootcamp Biology,0.0,2019-11-24,3066.0,0.0,189.0
Cell Biology,1.0,2019-11-03,801.0,0.0,274.0
Cellular Biology Vet Prep 4,0.0,2022-12-09,212.0,0.0,0.0
BIO1: Campbells Essential Biology; 7th edition,0.0,2019-02-07,305.0,0.0,18.0
Leaving Cert Biology - Human Nutrition,0.0,2021-09-03,132.0,0.0,1.0
Campbell Biology,0.0,2021-07-18,1542.0,0.0,64.0
GUE Microbiology lab,0.0,2022-12-01,23.0,0.0,0.0
Microbiology - Step 1 Review,0.0,2017-01-28,223.0,0.0,10.0
Biology chapter 17,0.0,2022-12-15,128.0,0.0,0.0
Biology AQA A level Topic 1-5,0.0,2020-10-28,962.0,0.0,143.0
IB SL Biology Unit 1 - 2022,0.0,2022-11-16,204.0,0.0,12.0
biology for yosef mosef,0.0,2022-11-12,83.0,0.0,2.0
AnkiX高考第6期：稳态与环境|Anki生物,0.0,2020-08-05,435.0,0.0,8.0
Biology B1.1,0.0,2022-11-15,36.0,0.0,0.0
Campbell AP Biology: Chapters 5 - Membrane Transport,0.0,2019-10-06,60.0,0.0,25.0
Essential Cell Biology Ch 7,0.0,2018-11-24,29.0,0.0,0.0
The Living world Biology flash card,0.0,2022-08-14,41.0,0.0,0.0
biology gcse paper 1,0.0,2019-05-03,264.0,0.0,3.0
Biology Animal Cells,0.0,2018-10-15,16.0,0.0,0.0
Molecular Biology: DNA and Genome,0.0,2019-03-13,50.0,0.0,8.0
Essential Cell Biology Ch 1,0.0,2018-11-24,27.0,0.0,26.0
biology cell signaling,0.0,2022-05-18,91.0,0.0,52.0
OCR Biology Classification and Evolution,0.0,2019-10-07,58.0,0.0,0.0
Biology Circulatory System MCAT,0.0,2020-01-24,118.0,0.0,0.0
CELL BIOLOGY YR 10 AQA GCSE,0.0,2022-12-03,94.0,0.0,2.0
GCSE Biology 9-1 AQA entire specification with subdecks,0.0,2022-09-17,609.0,0.0,98.0
Biology 11 - Viruses and Bacteria,0.0,2021-05-28,98.0,0.0,9.0
Biology of Neurons,0.0,2022-11-05,163.0,0.0,58.0
year 11 q2 for biology,0.0,2022-11-25,231.0,0.0,16.0
O level Pure Biology,0.0,2020-09-18,217.0,0.0,0.0
Plantas Ibéricas,0.0,2022-01-14,119.0,0.0,144.0
Leaving Cert Biology - Genetic Crosses and Hereditary,0.0,2021-09-03,24.0,0.0,0.0
OCR A biology biological molecules,0.0,2022-07-26,27.0,0.0,12.0
Leaving Cert Biology - Variation and Evolution,0.0,2021-09-03,58.0,0.0,0.0
Leaving Cert Biology - Genetic Engineering,0.0,2021-09-03,34.0,0.0,0.0
Leaving Cert Biology - The Five Kingdoms of Life,0.0,2021-09-03,25.0,0.0,0.0
Leaving Cert Biology - Protista (Amoeba),0.0,2021-09-03,38.0,0.0,2.0
General Biology Plants,0.0,2019-10-28,93.0,0.0,3.0
Test Deck for Grade 10 Biology Unit,0.0,2022-11-08,5.0,0.0,2.0
Fundamentals of Biology,0.0,2018-06-25,47.0,0.0,0.0
Leaving Cert Biology - The heart & blood vessels,0.0,2021-09-03,152.0,0.0,2.0
Leaving Cert Biology - The Lymphatic System,0.0,2021-09-03,34.0,0.0,1.0
biology for grade 9 sweats,0.0,2022-04-20,235.0,0.0,0.0
Leaving Cert Biology - The Senses,0.0,2021-09-03,68.0,0.0,3.0
FBS Microbiology - Parasites,0.0,2019-06-14,51.0,0.0,0.0
FBS Microbiology - Gram negative bacteria,0.0,2019-06-14,54.0,0.0,2.0
FBS Microbiology - Gram positive bacilli,0.0,2019-06-14,18.0,0.0,2.0
Cell Biology | Year 9,0.0,2022-01-02,20.0,0.0,0.0
AQA GCSE BIOLOGY PAPER 2,0.0,2022-08-03,192.0,0.0,0.0
Leaving Cert Biology - The Endocrine System,0.0,2021-09-03,105.0,0.0,1.0
AQA GCSE Biology (All topics),0.0,2022-10-06,362.0,0.0,4.0
Year 1 Semester 1 Cell Biology EMR,0.0,2022-10-29,204.0,0.0,23.0
OAT Biology,0.0,2020-07-02,127.0,0.0,0.0
微生物学 - Microbiology,0.0,2020-05-09,141.0,0.0,0.0
Evanth334 Human Osteology,0.0,2022-08-31,1221.0,0.0,202.0
Biology for Yisrael and Ben,0.0,2023-02-01,24.0,0.0,1.0
Neurobiology Chapter 9,0.0,2022-11-04,36.0,0.0,0.0
Biology AS Level,0.0,2023-01-26,339.0,0.0,73.0
Biology cell membrane and transport,0.0,2018-07-31,20.0,0.0,0.0
Edexcel (B) A level Biology,0.0,2020-02-21,31.0,0.0,0.0
NCEA Level 3 Biology,0.0,2021-02-16,243.0,0.0,16.0
Biotechnology NCERT Images,0.0,2019-09-24,67.0,0.0,10.0
A-Level Biology Unit 1 (WJEC),0.0,2020-11-15,785.0,0.0,36.0
Microbiology Exam I,0.0,2019-06-17,182.0,0.0,0.0
Molecular Biology of Cancer,0.0,2020-02-26,20.0,0.0,0.0
Edexcel A Level Biology Topic 1,0.0,2018-02-24,74.0,0.0,1.0
Clinical Microbiology BYU,0.0,2022-01-17,1596.0,0.0,160.0
Photosynthesis - AP Biology,0.0,2019-10-24,16.0,0.0,0.0
AQA AS Level Biology (New),0.0,2021-09-06,382.0,0.0,139.0
Biology: Unit 6 - Genetics,0.0,2023-01-11,13.0,0.0,0.0
MCAT Biology CONTENT,0.0,2020-08-30,953.0,0.0,0.0
Biology evolution,0.0,2021-02-23,43.0,0.0,0.0
Nancook's Microbiology 1 — Virology,0.0,2021-12-31,181.0,0.0,249.0
DNA Replication (Test 2),0.0,2018-03-07,32.0,0.0,7.0
Essential Cell Biology Ch 2,0.0,2018-11-24,35.0,0.0,29.0
Cell Biology Review Questions,0.0,2022-05-17,75.0,0.0,4.0
Nancook's Microbiology 1 —General Microbiology & Immunology,0.0,2021-12-31,212.0,0.0,189.0
Intro to medical microbiology,0.0,2022-08-26,186.0,0.0,19.0
AQA Biology Bioenergetics 9-1,0.0,2020-05-01,44.0,0.0,3.0
Leaving Cert Biology - The human defence system,0.0,2021-09-06,98.0,0.0,1.0
Leaving Cert Biology - Viruses,0.0,2021-09-06,35.0,0.0,0.0
GCSE Edexcel Biology Triple Science Cards,0.0,2022-05-10,168.0,0.0,0.0
Leaving Cert Bio - Sexual Reproduction in Flowering Plants,0.0,2021-09-06,198.0,0.0,7.0
DAT Biology Deck,0.0,2021-07-18,4673.0,0.0,1111.0
Leaving Cert Biology - Human Reproduction,0.0,2021-09-06,280.0,0.0,7.0
IGCSE Biology Circulatory system,0.0,2022-10-15,57.0,0.0,16.0
General Microbiology,0.0,2023-01-07,408.0,0.0,96.0
Biology A-Level AQA,0.0,2023-01-08,115.0,0.0,30.0
AQA GCSE Biology Model Answers Paper 1,0.0,2022-05-09,175.0,0.0,0.0
Biology Gcse OCR,0.0,2021-05-25,142.0,0.0,0.0
WJEC A2 Biology 2022,0.0,2022-09-19,680.0,0.0,34.0
National 5 Biology - Full Course,0.0,2022-08-18,216.0,0.0,18.0
Neurobiology exam 3,0.0,2022-11-16,48.0,0.0,0.0
Embryonic Germ Layers,0.0,2016-07-04,31.0,0.0,3.0
Jen's HSC Biology deck,0.0,2022-10-10,495.0,0.0,80.0
A level Biology Edexcel A,0.0,2022-08-01,801.0,0.0,249.0
microbiology,0.0,2023-01-06,121.0,0.0,9.0
OCR A level Biology By Joshua Sebastine,0.0,2022-09-06,589.0,0.0,206.0
Evolution basics,0.0,2020-05-01,45.0,0.0,0.0
General microbiology Bacteriology,0.0,2021-02-27,31.0,0.0,0.0
IB Biology Topic 1: 1.1 - 1.5,0.0,2020-10-16,104.0,0.0,12.0
GCSE Biology,0.0,2021-11-24,790.0,0.0,7.0
Parasitology MUV: Biology Colloquium First Semester,0.0,2022-09-17,344.0,0.0,107.0
Cell Molecular Biology,0.0,2014-09-05,239.0,0.0,31.0
Medical Microbiology Final,0.0,2022-12-18,418.0,0.0,17.0
Biology 1,0.0,2016-06-15,18.0,0.0,43.0
Gluconeogenesis,0.0,2016-02-06,12.0,0.0,2.0
PCAT Cellular and Molecular Biology,0.0,2014-09-01,60.0,0.0,0.0
Essential Cell Biology Ch 16,0.0,2019-09-28,35.0,0.0,0.0
Step 1 microbiology,0.0,2021-02-13,1213.0,1.0,695.0
Organelle Functions,0.0,2017-09-23,13.0,0.0,0.0
Essential Cell Biology Ch 17,0.0,2019-09-28,25.0,0.0,0.0
Molecular Biology,0.0,2022-10-18,126.0,0.0,0.0
IB Biology topic 1,0.0,2019-04-24,150.0,0.0,19.0
Reproduction NCERT Images,0.0,2019-09-23,291.0,0.0,36.0
Radiation Oncology Radiation Biology Review 2016,0.0,2016-06-10,345.0,0.0,0.0
SGU CFP Molecular Biology Block 3,0.0,2020-10-29,603.0,0.0,163.0
GCSE Biology flashcards,0.0,2022-10-06,176.0,0.0,30.0
Transport Across Cell Membranes,0.0,2022-12-18,7.0,0.0,0.0
GCSE Biology OCR Gateway (Separate Sciences),0.0,2023-02-01,719.0,0.0,105.0
Molecular Biology Exam ASCP,0.0,2020-12-31,209.0,0.0,46.0
Biochemistry and Biology MCAT,0.0,2016-01-08,368.0,0.0,8.0
Alevel biology OCR B,0.0,2020-08-15,898.0,0.0,69.0
@r$ NCERT CLASS 11 BIOLOGY BREATHING AND GASEOUS EXCHANGE,0.0,2019-09-15,139.0,0.0,9.0
"AlexiaC: Biology Unit 2: Cell Cycle, Cell Division (Mitosis)",0.0,2017-09-11,20.0,0.0,0.0
RSU Semester 1 Molecular and Cell Biology H&D,0.0,2021-02-06,483.0,0.0,301.0
Basic Microbiology,0.0,2020-08-09,25.0,0.0,0.0
MICROBIOLOGY,0.0,2022-05-21,3163.0,0.0,826.0
microbiology sem 2,0.0,2023-01-04,72.0,0.0,0.0
AS Biology CCEA,0.0,2023-01-30,102.0,0.0,0.0
CCEA BIOLOGY ENZYMES,0.0,2023-01-30,41.0,0.0,0.0
BIology unit 3,0.0,2022-12-15,87.0,0.0,0.0
Gynae - Microbiology,0.0,2023-01-11,13.0,0.0,1.0
Microbiology enterobacteriace,0.0,2022-01-17,48.0,0.0,0.0
Biology inheritance,0.0,2020-09-12,27.0,0.0,8.0
NEET UG BIOLOGY NCERT,0.0,2022-12-30,1819.0,0.0,205.0
Biology nervous system,0.0,2020-09-12,15.0,0.0,12.0
Biology definitions,0.0,2022-12-23,13.0,0.0,0.0
IB Biology Topic 1,0.0,2022-08-18,326.0,0.0,0.0
Biology protein synthesis,0.0,2020-09-12,10.0,0.0,9.0
@r$ NCERT CLASS 11 BIOLOGY DIGESTION AND ABSORBTION,0.0,2019-09-19,147.0,0.0,5.0
IB Biology Topic 10,0.0,2022-08-18,85.0,0.0,1.0
IB Biology Topic 2,0.0,2022-08-18,445.0,0.0,1.0
IB Biology Topic 3,0.0,2022-08-18,261.0,0.0,1.0
IB Biology Topic 4,0.0,2022-08-18,137.0,0.0,2.0
IB Biology Topic 5,0.0,2022-08-18,175.0,0.0,2.0
Biology Revision akash,0.0,2022-11-21,34.0,0.0,0.0
Biology MCAT Nemah,0.0,2023-01-11,27.0,0.0,0.0
Leaving Cert Biology - Blood,0.0,2021-09-03,69.0,0.0,0.0
IB Biology Topic 6,0.0,2022-08-18,429.0,0.0,11.0
Cells: Organelles Review,0.0,2018-03-14,27.0,0.0,0.0
IB Biology Topic 8,0.0,2022-08-18,149.0,0.0,5.0
IB Biology Topic 9,0.0,2022-08-18,148.0,0.0,2.0
Edexcel A Level Biology Topic 6,0.0,2018-02-24,131.0,0.0,2.0
Enzymes - Biology A-Level Edexcel B,0.0,2022-10-27,36.0,0.0,4.0
20 major amino acids,0.0,2015-08-15,23.0,0.0,0.0
Biology 1st year,0.0,2021-10-23,337.0,0.0,0.0
LSUE BIOLOGY EXAM 1 CORDES,0.0,2023-01-19,105.0,0.0,0.0
Molecular Biology I,0.0,2021-07-13,596.0,0.0,19.0
OCR A LEVEL BIOLOGY ALFIE,0.0,2023-01-06,444.0,0.0,12.0
Leaving Cert Biology - Homeostasis,0.0,2021-09-03,27.0,0.0,0.0
Microbiology step 1,0.0,2016-12-05,102.0,0.0,0.0
IB Biology 1.1: Introduction to Cells,0.0,2020-01-24,47.0,0.0,0.0
Hannah Biology Midterm Flashcards,0.0,2022-12-18,87.0,0.0,0.0
Biology Waqar,0.0,2023-01-29,217.0,0.0,727.0
"A-Level Biology, The Control of Gene Expression, AQA",0.0,2019-08-05,225.0,0.0,14.0
Biology AQA A level Section 1: Biological Molecules,0.0,2022-11-22,90.0,0.0,0.0
Lipid and fatty acid catabolism,1.0,2016-02-06,18.0,0.0,3.0
All of AQA A level biology,1.0,2022-06-19,1291.0,0.0,92.0
Biology IB Topic 1.1,1.0,2022-11-21,24.0,0.0,4.0
"Biology: Evolution, Biodiversity, ... Exam 2",1.0,2017-02-14,780.0,0.0,133.0
Biology 2 • Cell Biology Test,1.0,2020-01-06,127.0,0.0,4.0
Biology for UPSC preparation,2.0,2016-06-16,63.0,9.0,2.0
